[
  {
    "id": 1,
    "name": "Nike Air Max 270",
    "description": "Amortiguación Air visible y upper de malla.",
    "price": 3199.0,
    "image": "https://images.unsplash.com/photo-1525966222134-fcfa99b8ae77?q=80&w=800"
  },
  {
    "id": 2,
    "name": "Adidas Ultraboost 22",
    "description": "Energía en cada paso con Boost.",
    "price": 3499.0,
    "image": "https://images.unsplash.com/photo-1542291026-7eec264c27ff?q=80&w=800"
  },
  {
    "id": 3,
    "name": "Puma RS-X³",
    "description": "Chunky style con detalles geométricos.",
    "price": 2699.0,
    "image": "https://images.unsplash.com/photo-1543508282-6319a3e2621f?q=80&w=800"
  },
  {
    "id": 4,
    "name": "Converse Chuck 70",
    "description": "Clásico canvas con acabados premium.",
    "price": 1999.0,
    "image": "https://images.unsplash.com/photo-1519741497674-611481863552?q=80&w=800"
  },
  {
    "id": 5,
    "name": "New Balance 550",
    "description": "Look retro y suela sólida.",
    "price": 2999.0,
    "image": "https://images.unsplash.com/photo-1608231387042-66d1773070a5?q=80&w=800"
  },
  {
    "id": 6,
    "name": "Jordan 1 Mid",
    "description": "Icono del basket con colores frescos.",
    "price": 3999.0,
    "image": "https://images.unsplash.com/photo-1606107557195-0e29a4b5b4aa?q=80&w=800"
  },
  {
    "id": 7,
    "name": "Reebok Club C 85",
    "description": "Limpio, versátil, casual diario.",
    "price": 1899.0,
    "image": "https://images.unsplash.com/photo-1597045566677-8cf9f5f9c8b3?q=80&w=800"
  },
  {
    "id": 8,
    "name": "ASICS Gel-Lyte III",
    "description": "Partido dividido y gel clásico.",
    "price": 2599.0,
    "image": "https://images.unsplash.com/photo-1556906781-9a412961c28c?q=80&w=800"
  },
  {
    "id": 9,
    "name": "Vans Old Skool",
    "description": "Suela waffle y side stripe icónico.",
    "price": 1599.0,
    "image": "https://images.unsplash.com/photo-1543508282-6e7f0d5b38e0?q=80&w=800"
  },
  {
    "id": 10,
    "name": "Nike Dunk Low",
    "description": "Colores sólidos y estilo skate.",
    "price": 3299.0,
    "image": "https://images.unsplash.com/photo-1616469829581-73993eb86b02?q=80&w=800"
  },
  {
    "id": 11,
    "name": "Adidas Samba OG",
    "description": "Clásico de piel con suela goma.",
    "price": 2199.0,
    "image": "https://images.unsplash.com/photo-1612902378397-1f3392a3a501?q=80&w=800"
  },
  {
    "id": 12,
    "name": "HOKA Clifton 9",
    "description": "Ligero con espuma super suave.",
    "price": 3490.0,
    "image": "https://images.unsplash.com/photo-1519741497674-611481863552?q=80&w=800"
  }
]